행정구역별(시군구),성별,세대구성별,2024,2024,2024,2024,2024
행정구역별(시군구),성별,세대구성별,65~69세,70~74세,75~79세,80~84세,85세이상
전국,계,계,3492058,2313594,1713222,1250747,896879
전국,계,1인가구,698584,502848,419657,364762,302956
읍부,계,계,348142,232161,174384,132863,100636
읍부,계,1인가구,72245,51848,44072,40310,35111
면부,계,계,459228,331687,259150,228963,198463
면부,계,1인가구,99312,77019,69678,78092,79911
동부,계,계,2684688,1749746,1279688,888921,597780
동부,계,1인가구,527027,373981,305907,246360,187934
서울특별시,계,계,613163,423263,325455,222671,146893
서울특별시,계,1인가구,110955,81462,69728,53509,40532
종로구,계,계,9131,6119,5080,4038,3014
종로구,계,1인가구,1829,1303,1172,1006,808
중구,계,계,8322,5603,4525,3422,2488
중구,계,1인가구,1940,1385,1136,942,784
용산구,계,계,12540,8232,6509,5010,4182
용산구,계,1인가구,2172,1592,1405,1145,1127
성동구,계,계,17267,11466,9015,6635,4375
성동구,계,1인가구,2976,2148,1871,1508,1144
광진구,계,계,20860,13563,10405,7197,4741
광진구,계,1인가구,3813,2498,2030,1572,1235
동대문구,계,계,22646,15832,12607,9211,5948
동대문구,계,1인가구,4479,3308,2884,2327,1635
중랑구,계,계,29240,19574,14586,10090,6080
중랑구,계,1인가구,6616,4371,3462,2580,1774
성북구,계,계,26856,18506,15055,11410,7451
성북구,계,1인가구,4617,3373,3205,2612,2020
강북구,계,계,22359,16193,13564,10030,6007
강북구,계,1인가구,5185,3924,3521,2788,1773
도봉구,계,계,25322,16859,12893,9517,6319
도봉구,계,1인가구,4709,3250,2850,2446,1900
노원구,계,계,34343,23234,17335,12483,8882
노원구,계,1인가구,6676,5311,4822,3926,3073
은평구,계,계,31955,22207,17865,12835,8256
은평구,계,1인가구,5895,4386,3886,3093,2155
서대문구,계,계,18974,12943,10736,8335,5879
서대문구,계,1인가구,3247,2371,2325,1977,1586
마포구,계,계,19219,12827,10672,8265,5816
마포구,계,1인가구,3070,2310,2290,1908,1523
양천구,계,계,29080,19786,13750,8476,5720
양천구,계,1인가구,4883,3759,2950,2135,1712
강서구,계,계,38383,26006,18833,11613,8146
강서구,계,1인가구,7672,5554,4430,3180,2550
구로구,계,계,27952,20120,15161,9786,5955
구로구,계,1인가구,4765,3622,3082,2254,1629
금천구,계,계,16622,11256,8381,5562,3309
금천구,계,1인가구,3668,2486,1989,1532,1025
영등포구,계,계,22605,15752,12389,8658,6019
영등포구,계,1인가구,4149,3033,2597,2012,1547
동작구,계,계,23680,16864,13746,9475,6197
동작구,계,1인가구,3770,2958,2641,2005,1580
관악구,계,계,28203,21175,16976,11813,6753
관악구,계,1인가구,6002,4476,3762,2780,1842
서초구,계,계,22710,16317,12961,7916,5229
서초구,계,1인가구,2819,2203,1938,1280,1069
강남구,계,계,30337,22467,17304,10239,6765
강남구,계,1인가구,4336,3520,2985,2074,1701
송파구,계,계,42016,28446,19724,11649,7682
송파구,계,1인가구,5828,4200,3416,2377,1825
강동구,계,계,32541,21916,15383,9006,5680
강동구,계,1인가구,5839,4121,3079,2050,1515
부산광역시,계,계,267471,188992,135868,92599,55559
부산광역시,계,1인가구,57151,44403,36162,29100,20360
읍부,계,계,10387,7330,5418,3520,2163
읍부,계,1인가구,2272,1708,1428,1057,729
면부,계,계,888,727,505,331,238
면부,계,1인가구,186,173,120,91,75
동부,계,계,256196,180935,129945,88748,53158
동부,계,1인가구,54693,42522,34614,27952,19556
중구,계,계,3830,2885,2200,1580,1020
중구,계,1인가구,1268,945,754,568,428
서구,계,계,9296,7210,5419,3989,2604
서구,계,1인가구,2363,1991,1637,1328,1038
동구,계,계,7773,6007,4708,3564,2196
동구,계,1인가구,2083,1676,1420,1274,924
영도구,계,계,10810,8213,6501,4641,2658
영도구,계,1인가구,2748,2191,1995,1636,1071
부산진구,계,계,28231,19916,14567,10314,6218
부산진구,계,1인가구,6085,4722,3902,3250,2342
동래구,계,계,20928,15027,10619,7156,4021
동래구,계,1인가구,4172,3271,2456,2075,1377
남구,계,계,20140,15011,11239,7982,4572
남구,계,1인가구,3738,3111,2596,2244,1485
북구,계,계,23710,15320,10144,6767,4065
북구,계,1인가구,5218,3776,2904,2423,1652
해운대구,계,계,29337,19850,14289,9897,6440
해운대구,계,1인가구,5598,4427,3734,3117,2347
사하구,계,계,25921,17891,12445,7794,4579
사하구,계,1인가구,5559,4335,3493,2574,1717
금정구,계,계,18748,13641,9909,6908,4170
금정구,계,1인가구,3917,3079,2566,2115,1512
강서구,계,계,8260,5104,3062,1927,1254
강서구,계,1인가구,1403,935,588,501,358
연제구,계,계,16489,12073,8643,6011,3390
연제구,계,1인가구,3320,2678,2153,1733,1140
수영구,계,계,14247,10689,8161,5413,3318
수영구,계,1인가구,2954,2291,2028,1540,1102
사상구,계,계,18476,12098,8039,4805,2653
사상구,계,1인가구,4267,3094,2388,1574,1063
기장군,계,계,11275,8057,5923,3851,2401
기장군,계,1인가구,2458,1881,1548,1148,804
대구광역시,계,계,167978,116941,82815,61394,40477
대구광역시,계,1인가구,35287,26803,21565,18907,14925
읍부,계,계,14371,9139,6051,4030,2570
읍부,계,1인가구,2691,1900,1411,1193,876
면부,계,계,4162,3028,2240,1903,1707
면부,계,1인가구,748,595,532,627,693
동부,계,계,149445,104774,74524,55461,36200
동부,계,1인가구,31848,24308,19622,17087,13356
중구,계,계,5196,3928,3326,2571,1733
중구,계,1인가구,1135,873,895,774,627
동구,계,계,26406,19315,14149,10528,6613
동구,계,1인가구,5827,4661,3832,3274,2441
서구,계,계,15095,11093,7717,5598,3278
서구,계,1인가구,3816,2869,2152,1822,1239
남구,계,계,11658,8806,6681,5231,3676
남구,계,1인가구,3146,2299,1929,1700,1423
북구,계,계,27325,18271,13028,9836,5994
북구,계,1인가구,5511,4126,3424,2962,2156
수성구,계,계,26453,18665,13516,10234,7397
수성구,계,1인가구,4664,3799,3106,2832,2581
달서구,계,계,37312,24696,16107,11463,7509
달서구,계,1인가구,7749,5681,4284,3723,2889
달성군,계,계,15658,9970,6597,4382,2984
달성군,계,1인가구,2939,2057,1538,1302,1015
군위군,계,계,2875,2197,1694,1551,1293
군위군,계,1인가구,500,438,405,518,554
인천광역시,계,계,198523,118226,85736,57813,40957
인천광역시,계,1인가구,38335,24900,20262,15999,12693
읍부,계,계,1931,1328,1173,887,686
읍부,계,1인가구,383,260,280,241,210
면부,계,계,8156,5500,4509,3384,3009
면부,계,1인가구,1540,1077,1030,897,878
동부,계,계,188436,111398,80054,53542,37262
동부,계,1인가구,36412,23563,18952,14861,11605
중구,계,계,9028,6020,4597,2948,1983
중구,계,1인가구,2076,1363,1109,805,591
동구,계,계,4985,3530,2983,2113,1383
동구,계,1인가구,1068,812,769,657,514
연수구,계,계,21328,11253,7655,5218,3984
연수구,계,1인가구,3112,1911,1538,1303,1085
남동구,계,계,34225,20925,14951,9791,6461
남동구,계,1인가구,7275,4840,3797,2964,2121
부평구,계,계,35018,20936,14955,10308,7385
부평구,계,1인가구,6791,4476,3621,2932,2399
계양구,계,계,20646,10874,7370,5183,3828
계양구,계,1인가구,3869,2257,1845,1563,1285
서구,계,계,33998,18953,12667,7851,5423
서구,계,1인가구,5932,3671,2741,1942,1468
미추홀구,계,계,29208,18907,14876,10130,6815
미추홀구,계,1인가구,6289,4233,3532,2695,2142
강화군,계,계,7855,5410,4585,3560,3013
강화군,계,1인가구,1325,996,1010,939,883
옹진군,계,계,2232,1418,1097,711,682
옹진군,계,1인가구,598,341,300,199,205
광주광역시,계,계,85649,56835,45148,30863,20411
광주광역시,계,1인가구,18427,13118,11474,9577,7397
동구,계,계,7694,5710,4868,3661,2311
동구,계,1인가구,1720,1262,1152,1025,790
서구,계,계,17787,11847,9241,6244,4140
서구,계,1인가구,3767,2730,2373,1927,1491
남구,계,계,14623,10446,8581,5721,3878
남구,계,1인가구,2849,2212,1954,1682,1390
북구,계,계,27980,18498,14408,9697,6358
북구,계,1인가구,6612,4553,3869,3112,2361
광산구,계,계,17565,10334,8050,5540,3724
광산구,계,1인가구,3479,2361,2126,1831,1365
대전광역시,계,계,92513,60246,42365,30180,21313
대전광역시,계,1인가구,18942,13184,10306,8708,7147
동구,계,계,16391,11593,8563,6335,4301
동구,계,1인가구,3850,2850,2324,2015,1563
중구,계,계,16587,12194,9685,6845,4865
중구,계,1인가구,3772,2866,2421,1957,1612
서구,계,계,28127,17954,12136,8463,5968
서구,계,1인가구,5278,3572,2749,2272,1981
유성구,계,계,18497,10501,6380,4454,3392
유성구,계,1인가구,3181,2007,1320,1166,977
대덕구,계,계,12911,8004,5601,4083,2787
대덕구,계,1인가구,2861,1889,1492,1298,1014
울산광역시,계,계,75450,46079,28410,18000,10859
울산광역시,계,1인가구,14553,9782,7074,5389,3645
읍부,계,계,12069,7077,4426,3172,2111
읍부,계,1인가구,2301,1416,1117,952,669
면부,계,계,3864,2702,1816,1353,1031
면부,계,1인가구,814,593,453,398,361
동부,계,계,59517,36300,22168,13475,7717
동부,계,1인가구,11438,7773,5504,4039,2615
중구,계,계,16168,10494,6722,4331,2471
중구,계,1인가구,3515,2474,1742,1359,890
남구,계,계,20896,12870,7755,4691,2616
남구,계,1인가구,4085,2773,1935,1375,858
동구,계,계,11720,7057,4096,2184,1153
동구,계,1인가구,2119,1373,969,650,411
북구,계,계,10733,5879,3595,2269,1477
북구,계,1인가구,1719,1153,858,655,456
울주군,계,계,15933,9779,6242,4525,3142
울주군,계,1인가구,3115,2009,1570,1350,1030
세종특별자치시,계,계,16706,10115,6705,4760,3837
세종특별자치시,계,1인가구,2769,1848,1416,1228,1065
읍부,계,계,2728,1861,1400,1072,771
읍부,계,1인가구,580,404,330,270,226
면부,계,계,4267,3025,2214,1979,1807
면부,계,1인가구,795,595,515,583,591
동부,계,계,9711,5229,3091,1709,1259
동부,계,1인가구,1394,849,571,375,248
세종시,계,계,16706,10115,6705,4760,3837
세종시,계,1인가구,2769,1848,1416,1228,1065
경기도,계,계,818757,500089,367984,259822,186280
경기도,계,1인가구,149537,99468,80817,64110,49637
읍부,계,계,90062,56530,42172,29988,21446
읍부,계,1인가구,17368,11317,9170,7156,5563
면부,계,계,69115,45090,33647,25445,20676
면부,계,1인가구,14309,9402,7397,6341,5559
동부,계,계,659580,398469,292165,204389,144158
동부,계,1인가구,117860,78749,64250,50613,38515
수원시,계,계,63345,37677,27254,18876,13513
수원시,계,1인가구,12434,8093,6507,5039,3809
장안구,계,계,16190,9998,7492,5502,4042
장안구,계,1인가구,3279,2161,1811,1535,1237
권선구,계,계,21323,12314,8649,5632,4042
권선구,계,1인가구,4200,2605,1964,1435,1006
팔달구,계,계,11900,7700,5716,4069,2715
팔달구,계,1인가구,2800,1889,1452,1124,817
영통구,계,계,13932,7665,5397,3673,2714
영통구,계,1인가구,2155,1438,1280,945,749
성남시,계,계,57831,36506,27462,18695,13414
성남시,계,1인가구,10908,7621,6188,4758,3756
수정구,계,계,16800,10931,8049,5129,3094
수정구,계,1인가구,4236,2866,2197,1540,873
중원구,계,계,15281,9709,6981,4612,2771
중원구,계,1인가구,3473,2322,1724,1234,780
분당구,계,계,25750,15866,12432,8954,7549
분당구,계,1인가구,3199,2433,2267,1984,2103
의정부시,계,계,30313,19050,14932,10793,7176
의정부시,계,1인가구,6217,4220,3780,2982,2083
안양시,계,계,37179,22208,15148,10358,7789
안양시,계,1인가구,5794,3905,3191,2550,2196
만안구,계,계,17338,10917,7672,5209,3658
만안구,계,1인가구,3164,2115,1675,1310,1026
동안구,계,계,19841,11291,7476,5149,4131
동안구,계,1인가구,2630,1790,1516,1240,1170
부천시,계,계,57299,32997,21866,14454,10124
부천시,계,1인가구,10955,7061,5210,4047,3076
원미구,계,계,27844,15603,10027,6532,4683
원미구,계,1인가구,5152,3106,2234,1770,1360
소사구,계,계,17425,10713,7159,4606,3155
소사구,계,1인가구,3222,2371,1787,1268,920
오정구,계,계,12030,6681,4680,3316,2286
오정구,계,1인가구,2581,1584,1189,1009,796
광명시,계,계,18542,11658,7924,5428,3783
광명시,계,1인가구,2945,2167,1777,1455,1048
평택시,계,계,29340,17928,13217,9866,7241
평택시,계,1인가구,6024,3954,3209,2588,1977
동두천시,계,계,6823,4537,3944,3206,2190
동두천시,계,1인가구,1818,1264,1181,1080,747
안산시,계,계,37715,20092,13651,9847,7343
안산시,계,1인가구,7550,4452,3438,2852,2279
상록구,계,계,19908,10655,7674,5743,4264
상록구,계,1인가구,4169,2375,1952,1678,1327
단원구,계,계,17807,9437,5977,4104,3079
단원구,계,1인가구,3381,2077,1486,1174,952
고양시,계,계,65280,36972,29456,23325,18561
고양시,계,1인가구,11306,7192,6445,5624,4962
덕양구,계,계,30685,18293,14610,11090,8173
덕양구,계,1인가구,6130,4044,3554,2880,2249
일산동구,계,계,17624,9556,7252,5905,4971
일산동구,계,1인가구,2731,1611,1439,1343,1242
일산서구,계,계,16971,9123,7594,6330,5417
일산서구,계,1인가구,2445,1537,1452,1401,1471
과천시,계,계,4738,2773,1925,1402,1226
과천시,계,1인가구,482,409,343,254,265
구리시,계,계,12312,7442,5386,3873,2478
구리시,계,1인가구,2319,1441,1158,980,634
남양주시,계,계,44612,29505,22088,15240,9710
남양주시,계,1인가구,7783,5521,4427,3366,2260
오산시,계,계,11174,6595,4780,3347,2133
오산시,계,1인가구,2229,1428,1166,921,600
시흥시,계,계,26270,14011,9518,6636,4644
시흥시,계,1인가구,5346,3139,2336,1767,1365
군포시,계,계,17590,9930,7153,5226,4317
군포시,계,1인가구,3202,2023,1730,1445,1354
의왕시,계,계,11035,6162,4253,2882,2197
의왕시,계,1인가구,1410,936,810,667,554
하남시,계,계,19312,12490,8482,4837,3265
하남시,계,1인가구,3290,2371,1668,1000,698
용인시,계,계,55560,39114,32410,22812,15297
용인시,계,1인가구,7878,5988,5441,4392,3191
처인구,계,계,16791,10777,7632,5273,3845
처인구,계,1인가구,2941,1992,1544,1201,888
기흥구,계,계,21763,15469,13207,9352,6225
기흥구,계,1인가구,3164,2441,2295,1847,1298
수지구,계,계,17006,12868,11571,8187,5227
수지구,계,1인가구,1773,1555,1602,1344,1005
파주시,계,계,27924,17133,13995,10761,7761
파주시,계,1인가구,5063,3309,2916,2518,1863
이천시,계,계,14010,8609,6097,4621,3505
이천시,계,1인가구,2580,1722,1314,1039,941
안성시,계,계,13593,9008,6413,4777,3803
안성시,계,1인가구,2646,1833,1436,1317,1097
김포시,계,계,26957,17606,13046,8536,5706
김포시,계,1인가구,4585,3208,2524,1833,1366
화성시,계,계,39670,23609,16095,10679,7839
화성시,계,1인가구,7195,4588,3408,2377,1814
광주시,계,계,26336,16050,11032,7084,4611
광주시,계,1인가구,4137,2693,1915,1339,902
양주시,계,계,17357,10837,8427,5719,3783
양주시,계,1인가구,3429,2358,1960,1469,969
포천시,계,계,13116,7198,5717,4188,3221
포천시,계,1인가구,2931,1664,1377,1134,891
여주시,계,계,10143,6786,4748,3666,2781
여주시,계,1인가구,1963,1361,1105,906,801
연천군,계,계,4205,2618,2310,1860,1486
연천군,계,1인가구,952,675,617,603,559
가평군,계,계,6376,4203,3033,2312,1879
가평군,계,1인가구,1476,1040,794,679,592
양평군,계,계,12800,8785,6222,4516,3504
양평군,계,1인가구,2690,1832,1446,1129,988
강원특별자치도,계,계,129567,81861,61932,51133,37972
강원특별자치도,계,1인가구,29752,20387,17095,16402,13768
읍부,계,계,22346,14511,11696,9914,7029
읍부,계,1인가구,5100,3673,3328,3353,2661
면부,계,계,39712,25040,18322,15792,12567
면부,계,1인가구,9114,6211,4996,4920,4446
동부,계,계,67509,42310,31914,25427,18376
동부,계,1인가구,15538,10503,8771,8129,6661
춘천시,계,계,20878,12612,9755,8302,6473
춘천시,계,1인가구,4328,2812,2474,2431,2217
원주시,계,계,25055,14722,10108,8417,6508
원주시,계,1인가구,5655,3544,2658,2486,2224
강릉시,계,계,17712,11834,9249,7239,5228
강릉시,계,1인가구,3926,2851,2514,2382,1882
동해시,계,계,7243,4923,3676,2929,1932
동해시,계,1인가구,1748,1263,1068,1003,762
태백시,계,계,3845,2825,2132,1581,970
태백시,계,1인가구,1007,818,679,614,431
속초시,계,계,6930,4261,3309,2416,1719
속초시,계,1인가구,1788,1180,993,812,623
삼척시,계,계,5788,4024,3177,2652,2141
삼척시,계,1인가구,1323,1018,943,987,950
홍천군,계,계,7771,4636,3316,2761,2401
홍천군,계,1인가구,1831,1228,891,879,805
횡성군,계,계,5664,3566,2552,2133,1713
횡성군,계,1인가구,1277,843,621,607,559
영월군,계,계,4218,2880,2056,1848,1312
영월군,계,1인가구,1076,793,653,701,526
평창군,계,계,4774,2960,2325,1792,1326
평창군,계,1인가구,1213,800,682,567,513
정선군,계,계,3843,2520,1913,1632,1006
정선군,계,1인가구,1034,720,594,558,392
철원군,계,계,3508,2263,2104,1754,1105
철원군,계,1인가구,678,534,559,530,402
화천군,계,계,2009,1221,1011,1004,715
화천군,계,1인가구,487,314,317,310,271
양구군,계,계,1793,1078,844,839,580
양구군,계,1인가구,341,250,225,251,204
인제군,계,계,2828,1600,1182,1063,832
인제군,계,1인가구,620,400,315,349,279
고성군,계,계,2764,1874,1556,1353,979
고성군,계,1인가구,667,474,447,460,352
양양군,계,계,2944,2062,1667,1418,1032
양양군,계,1인가구,753,545,462,475,376
충청북도,계,계,119066,76265,54032,43845,33848
충청북도,계,1인가구,25728,17628,14336,14055,12632
읍부,계,계,23162,15044,10800,8629,6629
읍부,계,1인가구,4848,3387,2729,2614,2360
면부,계,계,35549,23775,17204,15438,13503
면부,계,1인가구,7785,5431,4631,5175,5299
동부,계,계,60355,37446,26028,19778,13716
동부,계,1인가구,13095,8810,6976,6266,4973
충주시,계,계,17051,10823,7788,6574,5027
충주시,계,1인가구,3601,2418,2064,2036,1925
제천시,계,계,12014,8034,5528,4573,3183
제천시,계,1인가구,2540,1928,1593,1622,1276
청주시,계,계,52272,31918,22035,16654,12405
청주시,계,1인가구,11185,7328,5616,5088,4238
상당구,계,계,13136,8350,5742,4510,3375
상당구,계,1인가구,2824,1983,1462,1453,1143
서원구,계,계,12960,8122,5672,4255,3143
서원구,계,1인가구,2872,2003,1576,1359,1129
흥덕구,계,계,15237,8775,5888,4148,3078
흥덕구,계,1인가구,3192,1844,1384,1182,978
청원구,계,계,10939,6671,4733,3741,2809
청원구,계,1인가구,2297,1498,1194,1094,988
보은군,계,계,3668,2502,1940,1822,1699
보은군,계,1인가구,737,570,538,700,729
옥천군,계,계,5036,3791,2648,2338,1895
옥천군,계,1인가구,1046,855,707,744,799
영동군,계,계,4891,3516,2725,2442,1862
영동군,계,1인가구,1119,863,763,825,768
진천군,계,계,5633,3590,2526,2064,1950
진천군,계,1인가구,1195,775,590,611,641
괴산군,계,계,4640,3202,2320,2029,1733
괴산군,계,1인가구,1067,730,636,655,687
음성군,계,계,7764,4937,3522,2948,2373
음성군,계,1인가구,1808,1182,932,905,855
단양군,계,계,3353,2182,1743,1407,983
단양군,계,1인가구,766,558,529,537,411
증평군,계,계,2744,1770,1257,994,738
증평군,계,1인가구,664,421,368,332,303
충청남도,계,계,148253,102535,77385,61911,54359
충청남도,계,1인가구,31217,22895,19454,19203,19470
읍부,계,계,35618,25158,19232,14599,12203
읍부,계,1인가구,7810,5796,4915,4475,4362
면부,계,계,61035,45245,35045,30927,29612
면부,계,1인가구,12557,9894,8711,9804,10985
동부,계,계,51600,32132,23108,16385,12544
동부,계,1인가구,10850,7205,5828,4924,4123
천안시,계,계,34145,20490,14361,10358,8081
천안시,계,1인가구,6838,4428,3462,2901,2537
동남구,계,계,16615,10465,7308,5369,4250
동남구,계,1인가구,3416,2278,1756,1495,1387
서북구,계,계,17530,10025,7053,4989,3831
서북구,계,1인가구,3422,2150,1706,1406,1150
공주시,계,계,9586,6715,4926,4178,3700
공주시,계,1인가구,1982,1420,1261,1320,1370
보령시,계,계,8767,6522,5114,3988,3433
보령시,계,1인가구,1953,1548,1332,1296,1280
아산시,계,계,17673,11554,8607,6488,5300
아산시,계,1인가구,4029,2738,2184,1936,1718
서산시,계,계,11787,8369,6492,5089,4728
서산시,계,1인가구,2290,1749,1521,1513,1615
논산시,계,계,10149,7220,5472,4642,4178
논산시,계,1인가구,2169,1720,1523,1558,1608
계룡시,계,계,2666,1664,1056,687,593
계룡시,계,1인가구,544,353,225,227,215
당진시,계,계,11412,7773,5976,4800,4422
당진시,계,1인가구,2638,1735,1432,1309,1421
금산군,계,계,5094,3830,2954,2552,2109
금산군,계,1인가구,1004,880,738,871,885
부여군,계,계,6730,5066,4021,3569,3352
부여군,계,1인가구,1350,1103,1091,1226,1374
서천군,계,계,5285,4305,3503,2986,2844
서천군,계,1인가구,1087,967,974,1070,1187
청양군,계,계,3279,2429,1926,1777,1772
청양군,계,1인가구,659,532,472,588,699
홍성군,계,계,7696,5767,4459,3788,3599
홍성군,계,1인가구,1693,1283,1077,1179,1337
예산군,계,계,7664,5926,4527,3933,3662
예산군,계,1인가구,1563,1340,1152,1215,1315
태안군,계,계,6320,4905,3991,3076,2586
태안군,계,1인가구,1418,1099,1010,994,909
전북특별자치도,계,계,130612,95778,76180,59305,47784
전북특별자치도,계,1인가구,28391,22567,20610,20069,19388
읍부,계,계,12123,8992,7316,5773,5072
읍부,계,1인가구,2534,2046,1931,1952,2010
면부,계,계,37921,30028,25733,23552,21237
면부,계,1인가구,7810,6845,7004,8459,9174
동부,계,계,80568,56758,43131,29980,21475
동부,계,1인가구,18047,13676,11675,9658,8204
전주시,계,계,39170,27749,20912,14440,10373
전주시,계,1인가구,8336,6407,5372,4371,3717
완산구,계,계,21618,15232,11336,7659,5599
완산구,계,1인가구,4750,3660,3030,2423,2085
덕진구,계,계,17552,12517,9576,6781,4774
덕진구,계,1인가구,3586,2747,2342,1948,1632
군산시,계,계,19150,13718,10519,7205,5148
군산시,계,1인가구,4248,3356,2887,2339,2014
익산시,계,계,20447,14548,10747,8065,6293
익산시,계,1인가구,4431,3329,2889,2715,2616
정읍시,계,계,8740,6442,5841,4985,4306
정읍시,계,1인가구,2076,1618,1636,1829,1895
남원시,계,계,6516,5090,4411,3675,3271
남원시,계,1인가구,1401,1191,1267,1372,1415
김제시,계,계,7426,5802,4785,4177,3808
김제시,계,1인가구,1720,1443,1320,1533,1658
완주군,계,계,7511,5394,4131,3256,2798
완주군,계,1인가구,1533,1141,1028,980,949
진안군,계,계,2455,1958,1659,1425,1310
진안군,계,1인가구,526,445,442,470,532
무주군,계,계,2323,1803,1382,1404,1249
무주군,계,1인가구,481,415,388,516,535
장수군,계,계,2093,1753,1307,1283,1134
장수군,계,1인가구,436,396,347,450,467
임실군,계,계,2412,2004,1781,1666,1578
임실군,계,1인가구,505,458,483,601,693
순창군,계,계,2497,1836,1807,1651,1385
순창군,계,1인가구,508,404,524,623,566
고창군,계,계,5040,3902,3575,3295,2741
고창군,계,1인가구,1115,977,1071,1252,1273
부안군,계,계,4832,3779,3323,2778,2390
부안군,계,1인가구,1075,987,956,1018,1058
전라남도,계,계,138186,100541,84275,69727,54584
전라남도,계,1인가구,30758,24536,24278,25164,23689
읍부,계,계,31440,22995,19327,15333,11726
읍부,계,1인가구,6870,5537,5480,5405,4863
면부,계,계,56463,43403,39567,37475,31886
면부,계,1인가구,12651,10836,11848,14164,14609
동부,계,계,50283,34143,25381,16919,10972
동부,계,1인가구,11237,8163,6950,5595,4217
목포시,계,계,15080,10426,8433,5578,3389
목포시,계,1인가구,3847,2813,2582,2015,1447
여수시,계,계,20268,14955,11311,7894,5167
여수시,계,1인가구,4124,3344,2915,2560,1917
순천시,계,계,17534,11602,8651,6694,5270
순천시,계,1인가구,3625,2612,2266,2211,2090
나주시,계,계,8076,5679,4831,4166,3187
나주시,계,1인가구,1837,1457,1436,1527,1399
광양시,계,계,8917,5542,3807,2774,2496
광양시,계,1인가구,1844,1284,966,897,884
담양군,계,계,4075,3079,2684,2425,1989
담양군,계,1인가구,809,670,641,763,771
곡성군,계,계,2535,1963,1796,1741,1713
곡성군,계,1인가구,576,489,553,674,794
구례군,계,계,2313,1798,1633,1577,1289
구례군,계,1인가구,583,445,446,581,554
고흥군,계,계,6496,5553,4913,4454,3904
고흥군,계,1인가구,1623,1513,1645,1790,1884
보성군,계,계,3854,3113,2768,2669,2519
보성군,계,1인가구,941,809,849,1059,1199
화순군,계,계,4907,3531,3158,2987,2354
화순군,계,1인가구,1193,973,976,1177,1079
장흥군,계,계,3386,2561,2316,2143,2028
장흥군,계,1인가구,746,666,801,866,1025
강진군,계,계,3258,2410,2249,2027,1755
강진군,계,1인가구,796,628,707,804,861
해남군,계,계,6086,4734,4234,3729,2887
해남군,계,1인가구,1362,1219,1244,1429,1362
영암군,계,계,4248,3029,2677,2358,2004
영암군,계,1인가구,1018,791,830,875,892
무안군,계,계,5452,4048,3412,2680,1861
무안군,계,1인가구,1133,943,921,920,773
함평군,계,계,3018,2274,2110,2033,1686
함평군,계,1인가구,717,579,654,744,759
영광군,계,계,4269,3362,3005,2636,1954
영광군,계,1인가구,943,809,928,932,882
장성군,계,계,3634,2664,2434,2260,1840
장성군,계,1인가구,674,567,640,732,693
완도군,계,계,4266,3304,3193,2751,2050
완도군,계,1인가구,944,780,902,1021,933
진도군,계,계,2728,2039,1972,1808,1435
진도군,계,1인가구,638,527,651,759,712
신안군,계,계,3786,2875,2688,2343,1807
신안군,계,1인가구,785,618,725,828,779
경상북도,계,계,206978,149405,104735,86743,66832
경상북도,계,1인가구,44903,35429,29043,30183,28064
읍부,계,계,47085,32681,23186,19068,14795
읍부,계,1인가구,10170,7683,6380,6394,5937
면부,계,계,66587,52694,39346,37270,32145
면부,계,1인가구,14871,12717,11155,13805,14351
동부,계,계,93306,64030,42203,30405,19892
동부,계,1인가구,19862,15029,11508,9984,7776
포항시,계,계,40906,27568,17342,11721,7363
포항시,계,1인가구,8568,6257,4752,3999,2919
남구,계,계,18802,12907,8081,5311,3149
남구,계,1인가구,4112,2944,2232,1808,1244
북구,계,계,22104,14661,9261,6410,4214
북구,계,1인가구,4456,3313,2520,2191,1675
경주시,계,계,21288,15358,11015,8745,6563
경주시,계,1인가구,4762,3713,2952,2926,2678
김천시,계,계,11201,8390,5914,5029,4215
김천시,계,1인가구,2208,1850,1664,1760,1773
안동시,계,계,12681,9761,7260,6357,4944
안동시,계,1인가구,2834,2380,2079,2274,2199
구미시,계,계,20627,12130,7252,5529,4024
구미시,계,1인가구,4086,2787,1890,1737,1426
영주시,계,계,9074,7331,5108,4530,3505
영주시,계,1인가구,1882,1652,1396,1617,1427
영천시,계,계,9554,7438,5451,4532,3415
영천시,계,1인가구,2359,1892,1532,1546,1451
상주시,계,계,9393,7080,5511,5007,4340
상주시,계,1인가구,1918,1668,1561,1843,1898
문경시,계,계,6860,5226,3943,3534,2719
문경시,계,1인가구,1485,1290,1138,1304,1207
경산시,계,계,18479,12925,9240,6933,4734
경산시,계,1인가구,3846,2860,2352,2151,1725
의성군,계,계,6024,4976,3559,3597,3042
의성군,계,1인가구,1398,1295,1078,1331,1474
청송군,계,계,2778,2224,1666,1599,1271
청송군,계,1인가구,617,535,500,613,570
영양군,계,계,1716,1320,1076,1148,878
영양군,계,1인가구,414,344,314,417,457
영덕군,계,계,3573,2987,2404,2455,1938
영덕군,계,1인가구,912,859,786,1055,938
청도군,계,계,4822,4050,2759,2455,2212
청도군,계,1인가구,1093,972,759,879,980
고령군,계,계,3140,2465,1717,1544,1309
고령군,계,1인가구,738,645,499,509,541
성주군,계,계,4559,3566,2488,1977,1632
성주군,계,1인가구,1062,841,663,644,638
칠곡군,계,계,6970,4586,3393,2755,2192
칠곡군,계,1인가구,1644,1078,882,888,761
예천군,계,계,4878,3886,2807,2844,2626
예천군,계,1인가구,1053,914,817,1009,1199
봉화군,계,계,3446,2551,1956,1937,1625
봉화군,계,1인가구,792,602,545,724,758
울진군,계,계,4154,2988,2430,2208,2057
울진군,계,1인가구,1023,842,768,862,967
울릉군,계,계,855,599,444,307,228
울릉군,계,1인가구,209,153,116,95,78
경상남도,계,계,241419,160159,112593,84193,61452
경상남도,계,1인가구,53551,39080,31709,29576,24972
읍부,계,계,33715,22414,15969,11912,8717
읍부,계,1인가구,7116,5349,4464,4162,3330
면부,계,계,68502,49462,37334,32768,27768
면부,계,1인가구,15525,12279,10941,12518,12504
동부,계,계,139202,88283,59290,39513,24967
동부,계,1인가구,30910,21452,16304,12896,9138
진주시,계,계,23767,16250,11998,8849,6296
진주시,계,1인가구,5052,3771,3319,3026,2491
통영시,계,계,10400,7163,5174,3537,2233
통영시,계,1인가구,2475,1826,1489,1290,892
사천시,계,계,8442,6181,4893,3759,2866
사천시,계,1인가구,2069,1541,1429,1347,1179
김해시,계,계,30638,18416,12151,8534,5402
김해시,계,1인가구,6532,4380,3234,2734,1849
밀양시,계,계,11004,7944,5513,4475,3366
밀양시,계,1인가구,2528,2103,1759,1777,1534
거제시,계,계,14629,8408,5241,3523,2497
거제시,계,1인가구,2944,1894,1336,1063,884
양산시,계,계,23220,15106,10058,7129,4378
양산시,계,1인가구,5184,3706,2694,2333,1545
창원시,계,계,73223,46349,30269,19653,12724
창원시,계,1인가구,15750,10891,8049,6207,4477
의창구,계,계,15298,9146,5545,3581,2294
의창구,계,1인가구,3285,2024,1393,1066,737
성산구,계,계,14739,7462,4098,2428,1730
성산구,계,1인가구,2445,1446,940,688,533
마산합포구,계,계,15645,11034,7824,5321,3413
마산합포구,계,1인가구,3767,2818,2236,1774,1324
마산회원구,계,계,15057,10496,7109,4493,2597
마산회원구,계,1인가구,3492,2649,1951,1478,914
진해구,계,계,12484,8211,5693,3830,2690
진해구,계,1인가구,2761,1954,1529,1201,969
의령군,계,계,2835,2092,1606,1637,1506
의령군,계,1인가구,759,621,555,720,807
함안군,계,계,5690,3979,2824,2414,1948
함안군,계,1인가구,1362,1043,866,960,860
창녕군,계,계,6327,4515,3367,2991,2375
창녕군,계,1인가구,1533,1189,1005,1184,1143
고성군,계,계,4897,3825,3067,2515,2102
고성군,계,1인가구,1126,939,874,935,966
남해군,계,계,4274,3379,3063,2620,2538
남해군,계,1인가구,987,879,913,1043,1225
하동군,계,계,4513,3357,2707,2476,2237
하동군,계,1인가구,1081,870,789,890,895
산청군,계,계,3750,2917,2237,2124,1807
산청군,계,1인가구,919,789,668,782,792
함양군,계,계,3814,2755,2356,2228,1988
함양군,계,1인가구,919,683,777,908,938
거창군,계,계,5338,3913,3154,2803,2659
거창군,계,1인가구,1139,948,960,1097,1218
합천군,계,계,4658,3610,2915,2926,2530
합천군,계,1인가구,1192,1007,993,1280,1277
제주특별자치도,계,계,41767,26264,21604,15788,13462
제주특별자치도,계,1인가구,8328,5358,4328,3583,3572
읍부,계,계,11105,7101,6218,4966,4718
읍부,계,1인가구,2202,1372,1109,1086,1315
면부,계,계,3007,1968,1668,1346,1277
면부,계,1인가구,607,371,345,310,386
동부,계,계,27655,17195,13718,9476,7467
동부,계,1인가구,5519,3615,2874,2187,1871
제주시,계,계,28944,17817,14298,10274,8820
제주시,계,1인가구,5632,3662,2868,2369,2366
서귀포시,계,계,12823,8447,7306,5514,4642
서귀포시,계,1인가구,2696,1696,1460,1214,1206